ParticipantName,Email,PhoneNumber,RegistrationDate
Somchai Jaidee,somchai@example.com,0812223333,2025-01-05
Kamonwan Sookjai,kamonwan@example.com,0823334444,2025-01-10
Thanakrit Poonpol,thanakrit@example.com,0834445555,2025-01-15
Naruemon Srisuk,naruemon@example.com,0845556666,2025-01-20
Paramet Thongtae,paramet@example.com,0856667777,2025-01-22
Wipha Jantra,wipha@example.com,0867778888,2025-01-25
Pongthep Rattana,pongthep@example.com,0878889999,2025-02-01
Cholticha Meeboon,cholticha@example.com,0889990000,2025-02-05
Surasak Maneethong,surasak@example.com,0890001111,2025-02-10
Preyanuch Phromthong,preyanuch@example.com,0801112222,2025-02-14
Anan Kaewsai,anan.Kaewsai@example.com,0901112222,2025-02-18
Siriporn Rungreung,siriporn@example.com,0912223333,2025-02-20
Wannwipha Sakdisit,wannwipha@example.com,0923334444,2025-03-01
Kittipong Saichon,kittipong.sai@example.com,0934445555,2025-03-05
Chaiwat Sombasong,chaiwat.somb@example.com,0945556666,2025-03-14